{
    "scene": "sc_galaxyMap",
    "company": {
        "name": "",
        "revenue": 0.0,
        "currentBranch": {
            "id": 0,
            "market": {
                "percentages": []
            },
            "sectors": []
        },
        "branches": [
            {
                "id": 0,
                "market": {
                    "percentages": [
                        0.20000000298023225,
                        -0.1899999976158142,
                        -0.14000000059604646
                    ]
                },
                "sectors": [
                    {
                        "work": 0,
                        "productId": 0,
                        "market": {
                            "percentages": [
                                0.20000000298023225,
                                -0.1899999976158142,
                                -0.14000000059604646
                            ]
                        },
                        "employees": []
                    }
                ]
            }
        ],
        "employees": []
    },
    "galaxyMap": {
        "galaxies": [
            {
                "name": "a",
                "id": 0,
                "x": 0,
                "y": 0,
                "position": [
                    0.0,
                    0.0,
                    0.0
                ],
                "market": {
                    "percentages": [
                        0.20000000298023225,
                        -0.1899999976158142,
                        -0.14000000059604646
                    ]
                }
            },
            {
                "name": "e",
                "id": 1,
                "x": 1,
                "y": 0,
                "position": [
                    750.0,
                    353.0,
                    0.0
                ],
                "market": {
                    "percentages": [
                        -0.8399999737739563,
                        0.03999999910593033,
                        -0.41999998688697817
                    ]
                }
            },
            {
                "name": "a",
                "id": 2,
                "x": -1,
                "y": 0,
                "position": [
                    -750.0,
                    -347.0,
                    0.0
                ],
                "market": {
                    "percentages": [
                        0.09000000357627869,
                        -0.9300000071525574,
                        -0.6100000143051148
                    ]
                }
            },
            {
                "name": "e",
                "id": 3,
                "x": 0,
                "y": 1,
                "position": [
                    395.0,
                    750.0,
                    0.0
                ],
                "market": {
                    "percentages": [
                        -0.25,
                        0.699999988079071,
                        0.3799999952316284
                    ]
                }
            },
            {
                "name": "b",
                "id": 4,
                "x": 0,
                "y": -1,
                "position": [
                    -495.0,
                    -750.0,
                    0.0
                ],
                "market": {
                    "percentages": [
                        -0.5099999904632568,
                        0.4099999964237213,
                        -0.7300000190734863
                    ]
                }
            }
        ]
    }
}